https://www.adelaide.edu.au//degree-finder/2021/gcarh_gcarthis.html
https://www.adelaide.edu.au//degree-finder/2021/gcepm_gcenvp&m.html
https://www.adelaide.edu.au//degree-finder/2021/gcimt_gcimedtech.html
https://www.adelaide.edu.au//degree-finder/2021/gcins_gcintsec.html
https://www.adelaide.edu.au//degree-finder/2021/gcmsc_gcmedsc.html
https://www.adelaide.edu.au//degree-finder/2021/gdarh_gdarthist.html
https://www.adelaide.edu.au//degree-finder/2021/gdepm_gdenvp&m.html
https://www.adelaide.edu.au//degree-finder/2021/gdimt_gdimedtech.html
https://www.adelaide.edu.au//degree-finder/2021/gdins_gdintsec.html
https://www.adelaide.edu.au//degree-finder/2021/gditt_gdittc.html
https://www.adelaide.edu.au//degree-finder/2021/gdms_gdmedsc.html
https://www.adelaide.edu.au//degree-finder/2021/marts_marts.html
https://www.adelaide.edu.au//degree-finder/2021/macms_macmusst.html
https://www.adelaide.edu.au//degree-finder/2021/maitt_martittc.html
https://www.adelaide.edu.au//degree-finder/2021/maah_mastarth.html
https://www.adelaide.edu.au//degree-finder/2021/menpm_menvp&mgt.html
https://www.adelaide.edu.au//degree-finder/2021/mimt_mimedtech.html
https://www.adelaide.edu.au//degree-finder/2021/minse_mintsec.html
https://www.adelaide.edu.au//degree-finder/2021/mmesc_mmesc.html
https://www.adelaide.edu.au//degree-finder/2021/pcepm_pcenvp&m.html
https://www.adelaide.edu.au//degree-finder/2021/gced_gceduc.html
https://www.adelaide.edu.au//degree-finder/2021/gcmt_gcmusteach.html
https://www.adelaide.edu.au//degree-finder/2021/gdes_gdeducst.html
https://www.adelaide.edu.au//degree-finder/2021/meduc_meduc.html
https://www.adelaide.edu.au//degree-finder/2021/mtms_mteachm&s.html
https://www.adelaide.edu.au//degree-finder/2021/pced_pceduc.html
https://www.adelaide.edu.au//degree-finder/2021/gcmt_gcmusteach.html
https://www.adelaide.edu.au//degree-finder/2021/gdmpp_gdmuspp.html
https://www.adelaide.edu.au//degree-finder/2021/gdmup_gdmusperf.html
https://www.adelaide.edu.au//degree-finder/2021/marts_marts.html
https://www.adelaide.edu.au//degree-finder/2021/mmups_mmuspest.html
https://www.adelaide.edu.au//degree-finder/2021/mmupp_mmuspp.html
https://www.adelaide.edu.au//degree-finder/2021/marml_marc/mlarc.html
https://www.adelaide.edu.au//degree-finder/2021/mpmla_mlarcmplan.html
https://www.adelaide.edu.au//degree-finder/2021/march_marchcswk.html
https://www.adelaide.edu.au//degree-finder/2021/mcmgt_mconmgt.html
https://www.adelaide.edu.au//degree-finder/2021/mlack_mlarchcswk.html
https://www.adelaide.edu.au//degree-finder/2021/mplan_mplanning.html
https://www.adelaide.edu.au//degree-finder/2021/mpud_mplanud.html
https://www.adelaide.edu.au//degree-finder/2021/mprop_mproperty.html
https://www.adelaide.edu.au//degree-finder/2021/gccms_gccompsco.html
https://www.adelaide.edu.au//degree-finder/2021/gccse_gccsec.html
https://www.adelaide.edu.au//degree-finder/2021/gccss_gccsss.html
https://www.adelaide.edu.au//degree-finder/2021/gcdsa_gcdscapol.html
https://www.adelaide.edu.au//degree-finder/2021/gcml_gcmaclearn.html
https://www.adelaide.edu.au//degree-finder/2021/gdcms_gdcompsci.html
https://www.adelaide.edu.au//degree-finder/2021/gdcs_gdcybsec.html
https://www.adelaide.edu.au//degree-finder/2021/gddsa_gddscapol.html
https://www.adelaide.edu.au//degree-finder/2021/gdml_gdmaclearn.html
https://www.adelaide.edu.au//degree-finder/2021/mcoms_mcmpsci.html
https://www.adelaide.edu.au//degree-finder/2021/mcomi_mcominmelb.html
https://www.adelaide.edu.au//degree-finder/2021/mcomi_mcompinnov.html
https://www.adelaide.edu.au//degree-finder/2021/mcs_mcybsec.html
https://www.adelaide.edu.au//degree-finder/2021/mdsc_mdatasc.html
https://www.adelaide.edu.au//degree-finder/2021/mdsa_mdscapol.html
https://www.adelaide.edu.au//degree-finder/2021/mml_mmaclearn.html
https://www.adelaide.edu.au//degree-finder/2021/mseng_msofteng.html
https://www.adelaide.edu.au//degree-finder/2021/gcmar_gcmareng.html
https://www.adelaide.edu.au//degree-finder/2021/gcme_gcmateng.html
https://www.adelaide.edu.au//degree-finder/2021/gcpe_gcpeteng.html
https://www.adelaide.edu.au//degree-finder/2021/gcpes_gcpetengsc.html
https://www.adelaide.edu.au//degree-finder/2021/gcpgg_gcpetrog&g.html
https://www.adelaide.edu.au//degree-finder/2021/gdeng_gdengaero.html
https://www.adelaide.edu.au//degree-finder/2021/gdeng_gdengchem.html
https://www.adelaide.edu.au//degree-finder/2021/gdeng_gdengciven.html
https://www.adelaide.edu.au//degree-finder/2021/gdeng_gdengcivst.html
https://www.adelaide.edu.au//degree-finder/2021/gdeng_gdengelec.html
https://www.adelaide.edu.au//degree-finder/2021/gdeng_gdengelect.html
https://www.adelaide.edu.au//degree-finder/2021/gdeng_gdengmech.html
https://www.adelaide.edu.au//degree-finder/2021/gdeng_gdengmecha.html
https://www.adelaide.edu.au//degree-finder/2021/gdeng_gdengmin.html
https://www.adelaide.edu.au//degree-finder/2021/gdmar_gdmareng.html
https://www.adelaide.edu.au//degree-finder/2021/gdme_gdmateng.html
https://www.adelaide.edu.au//degree-finder/2021/gdpe_gdpeteng.html
https://www.adelaide.edu.au//degree-finder/2021/gdpes_gdpetengsc.html
https://www.adelaide.edu.au//degree-finder/2021/mbe_mbiopeng.html
https://www.adelaide.edu.au//degree-finder/2021/mdsc_mdatasc.html
https://www.adelaide.edu.au//degree-finder/2021/mdsa_mdscapol.html
https://www.adelaide.edu.au//degree-finder/2021/meng_mengaero.html
https://www.adelaide.edu.au//degree-finder/2021/meng_mengch.html
https://www.adelaide.edu.au//degree-finder/2021/meng_mengcivst.html
https://www.adelaide.edu.au//degree-finder/2021/meng_mengciven.html
https://www.adelaide.edu.au//degree-finder/2021/meng_mengelec.html
https://www.adelaide.edu.au//degree-finder/2021/meng_mengelect.html
https://www.adelaide.edu.au//degree-finder/2021/meng_mengmechan.html
https://www.adelaide.edu.au//degree-finder/2021/meng_mengmecha.html
https://www.adelaide.edu.au//degree-finder/2021/meng_mengmin.html
https://www.adelaide.edu.au//degree-finder/2021/mgeos_mgeostat.html
https://www.adelaide.edu.au//degree-finder/2021/mmar_mmareng.html
https://www.adelaide.edu.au//degree-finder/2021/mme_mmateng.html
https://www.adelaide.edu.au//degree-finder/2021/mpen_mpetroleng.html
https://www.adelaide.edu.au//degree-finder/2021/mpes_mpetengsc.html
https://www.adelaide.edu.au//degree-finder/2021/mscpe_mscpetge.html
https://www.adelaide.edu.au//degree-finder/2021/mseng_msofteng.html
https://www.adelaide.edu.au//degree-finder/2021/gccse_gccsec.html
https://www.adelaide.edu.au//degree-finder/2021/gccss_gccsss.html
https://www.adelaide.edu.au//degree-finder/2021/gcdsa_gcdscapol.html
https://www.adelaide.edu.au//degree-finder/2021/gcml_gcmaclearn.html
https://www.adelaide.edu.au//degree-finder/2021/gdcs_gdcybsec.html
https://www.adelaide.edu.au//degree-finder/2021/gddsa_gddscapol.html
https://www.adelaide.edu.au//degree-finder/2021/gdml_gdmaclearn.html
https://www.adelaide.edu.au//degree-finder/2021/mcomi_mcominmelb.html
https://www.adelaide.edu.au//degree-finder/2021/mcomi_mcompinnov.html
https://www.adelaide.edu.au//degree-finder/2021/mcs_mcybsec.html
https://www.adelaide.edu.au//degree-finder/2021/mdsc_mdatasc.html
https://www.adelaide.edu.au//degree-finder/2021/mdsa_mdscapol.html
https://www.adelaide.edu.au//degree-finder/2021/mml_mmaclearn.html
https://www.adelaide.edu.au//degree-finder/2021/mmasc_mmathsci.html
https://www.adelaide.edu.au//degree-finder/2021/gcads_gcalcdrugs.html
https://www.adelaide.edu.au//degree-finder/2021/gcias_gcintadst.html
https://www.adelaide.edu.au//degree-finder/2021/gdamh_gdadmhlt.html
https://www.adelaide.edu.au//degree-finder/2021/gdias_gdintadst.html
https://www.adelaide.edu.au//degree-finder/2021/mas_maddstud.html
https://www.adelaide.edu.au//degree-finder/2021/gccp_gccounpsy.html
https://www.adelaide.edu.au//degree-finder/2021/gdcp_gdcounpsy.html
https://www.adelaide.edu.au//degree-finder/2021/mcp_mcounpsy.html
https://www.adelaide.edu.au//degree-finder/2021/gcorh_gcorhlthsc.html
https://www.adelaide.edu.au//degree-finder/2021/gdfod_gdforodon.html
https://www.adelaide.edu.au//degree-finder/2021/drcd_drclinden.html
https://www.adelaide.edu.au//degree-finder/2021/gcads_gcalcdrugs.html
https://www.adelaide.edu.au//degree-finder/2021/gcbst_gcbiostat.html
https://www.adelaide.edu.au//degree-finder/2021/gche_gchlthec.html
https://www.adelaide.edu.au//degree-finder/2021/gcias_gcintadst.html
https://www.adelaide.edu.au//degree-finder/2021/gcmp_gcmedphys.html
https://www.adelaide.edu.au//degree-finder/2021/gcorh_gcorhlthsc.html
https://www.adelaide.edu.au//degree-finder/2021/gcpuh_gcpubhlth.html
https://www.adelaide.edu.au//degree-finder/2021/gdamh_gdadmhlt.html
https://www.adelaide.edu.au//degree-finder/2021/gdbst_gdbiostat.html
https://www.adelaide.edu.au//degree-finder/2021/gdhe_gdhlthec.html
https://www.adelaide.edu.au//degree-finder/2021/gdias_gdintadst.html
https://www.adelaide.edu.au//degree-finder/2021/gdpuh_gdpubhlth.html
https://www.adelaide.edu.au//degree-finder/2021/mbst_mbiostats.html
https://www.adelaide.edu.au//degree-finder/2021/mhep_mhlthecpol.html
https://www.adelaide.edu.au//degree-finder/2021/mmis_mmininvsur.html
https://www.adelaide.edu.au//degree-finder/2021/mpas_mphysas.html
https://www.adelaide.edu.au//degree-finder/2021/mph_mpubhlt.html
https://www.adelaide.edu.au//degree-finder/2021/mas_maddstud.html
https://www.adelaide.edu.au//degree-finder/2021/gcads_gcalcdrugs.html
https://www.adelaide.edu.au//degree-finder/2021/mmis_mmininvsur.html
https://www.adelaide.edu.au//degree-finder/2021/mpas_mphysas.html
https://www.adelaide.edu.au//degree-finder/2021/dmedi_dmedic.html
https://www.adelaide.edu.au//degree-finder/2021/gcnsc_gcnsicnol.html
https://www.adelaide.edu.au//degree-finder/2021/gdamh_gdadmhlt.html
https://www.adelaide.edu.au//degree-finder/2021/gdnsc_gdns.html
https://www.adelaide.edu.au//degree-finder/2021/gdnsc_gdnsaccare.html
https://www.adelaide.edu.au//degree-finder/2021/gdnsc_gdnsanarec.html
https://www.adelaide.edu.au//degree-finder/2021/gdnsc_gdnscardia.html
https://www.adelaide.edu.au//degree-finder/2021/gdnsc_gdnsemergy.html
https://www.adelaide.edu.au//degree-finder/2021/gdnsc_gdnsintcar.html
https://www.adelaide.edu.au//degree-finder/2021/gdnsc_gdnsoncol.html
https://www.adelaide.edu.au//degree-finder/2021/gdnsc_gdnsorthop.html
https://www.adelaide.edu.au//degree-finder/2021/gdnsc_gdnsperiop.html
https://www.adelaide.edu.au//degree-finder/2021/mclnu_mclinur.html
https://www.adelaide.edu.au//degree-finder/2021/mnp_mnurprac.html
https://www.adelaide.edu.au//degree-finder/2021/mnusc_mnurssc.html
https://www.adelaide.edu.au//degree-finder/2021/mnusc_mnurscac.html
https://www.adelaide.edu.au//degree-finder/2021/mnusc_mnurscar.html
https://www.adelaide.edu.au//degree-finder/2021/mnusc_mnurscbn.html
https://www.adelaide.edu.au//degree-finder/2021/mnusc_mnursccn.html
https://www.adelaide.edu.au//degree-finder/2021/mnusc_mnurscen.html
https://www.adelaide.edu.au//degree-finder/2021/mnusc_mnurscic.html
https://www.adelaide.edu.au//degree-finder/2021/mnusc_mnurscmh.html
https://www.adelaide.edu.au//degree-finder/2021/mnusc_mnurscon.html
https://www.adelaide.edu.au//degree-finder/2021/mnusc_mnurscor.html
https://www.adelaide.edu.au//degree-finder/2021/mnusc_mnurscpn.html
https://www.adelaide.edu.au//degree-finder/2021/mnusc_mnurscrn.html
https://www.adelaide.edu.au//degree-finder/2021/gccp_gccounpsy.html
https://www.adelaide.edu.au//degree-finder/2021/gdcp_gdcounpsy.html
https://www.adelaide.edu.au//degree-finder/2021/gdps_gdpsychol.html
https://www.adelaide.edu.au//degree-finder/2021/mcp_mcounpsy.html
https://www.adelaide.edu.au//degree-finder/2021/mpsyc_mclinpsy.html
https://www.adelaide.edu.au//degree-finder/2021/mpsyh_mpsyhealth.html
https://www.adelaide.edu.au//degree-finder/2021/mpohf_mpsychohm.html
https://www.adelaide.edu.au//degree-finder/2021/gcpuh_gcpubhlth.html
https://www.adelaide.edu.au//degree-finder/2021/gdpuh_gdpubhlth.html
https://www.adelaide.edu.au//degree-finder/2021/mph_mpubhlt.html
https://www.adelaide.edu.au//degree-finder/2021/agcba_agcbusad.html
https://www.adelaide.edu.au//degree-finder/2021/agcba_agcbusads.html
https://www.adelaide.edu.au//degree-finder/2021/gcape_gcappeco.html
https://www.adelaide.edu.au//degree-finder/2021/gcapm_gcapm.html
https://www.adelaide.edu.au//degree-finder/2021/gcbao_gcbaol.html
https://www.adelaide.edu.au//degree-finder/2021/gcbla_gcbuslaw.html
https://www.adelaide.edu.au//degree-finder/2021/gccom_gccommerce.html
https://www.adelaide.edu.au//degree-finder/2021/gccs_gccsmgt.html
https://www.adelaide.edu.au//degree-finder/2021/gcfe_gcfament.html
https://www.adelaide.edu.au//degree-finder/2021/gcgfa_gcglobfab.html
https://www.adelaide.edu.au//degree-finder/2021/gcitd_gcintradev.html
https://www.adelaide.edu.au//degree-finder/2021/gcsms_gcsmsf.html
https://www.adelaide.edu.au//degree-finder/2021/gcsei_gcsocen&in.html
https://www.adelaide.edu.au//degree-finder/2021/gcwib_gcwinebus.html
https://www.adelaide.edu.au//degree-finder/2021/agdba_agdbusad.html
https://www.adelaide.edu.au//degree-finder/2021/gdag_gdagribus.html
https://www.adelaide.edu.au//degree-finder/2021/gdape_gdappeco.html
https://www.adelaide.edu.au//degree-finder/2021/gdapf_gdappf.html
https://www.adelaide.edu.au//degree-finder/2021/gdapm_gdapm.html
https://www.adelaide.edu.au//degree-finder/2021/gdbao_gdbaol.html
https://www.adelaide.edu.au//degree-finder/2021/gdbla_gdbuslaw.html
https://www.adelaide.edu.au//degree-finder/2021/gdcom_gdcommerce.html
https://www.adelaide.edu.au//degree-finder/2021/gdei_gdentinnov.html
https://www.adelaide.edu.au//degree-finder/2021/gdgfa_gdglobfab.html
https://www.adelaide.edu.au//degree-finder/2021/gditd_gdintradev.html
https://www.adelaide.edu.au//degree-finder/2021/gdpra_gdprofac.html
https://www.adelaide.edu.au//degree-finder/2021/gdwib_gdwinebus.html
https://www.adelaide.edu.au//degree-finder/2021/amba_ambusad.html
https://www.adelaide.edu.au//degree-finder/2021/amba_ambusads.html
https://www.adelaide.edu.au//degree-finder/2021/maccg_maccmelb.html
https://www.adelaide.edu.au//degree-finder/2021/maccg_maccntg.html
https://www.adelaide.edu.au//degree-finder/2021/macfi_macfin.html
https://www.adelaide.edu.au//degree-finder/2021/macfi_macfinmelb.html
https://www.adelaide.edu.au//degree-finder/2021/macma_maccmktg.html
https://www.adelaide.edu.au//degree-finder/2021/maeco_madvecon.html
https://www.adelaide.edu.au//degree-finder/2021/magri_magribus.html
https://www.adelaide.edu.au//degree-finder/2021/mappe_mappecon.html
https://www.adelaide.edu.au//degree-finder/2021/mapfn_mappfi.html
https://www.adelaide.edu.au//degree-finder/2021/mapfn_mappfimelb.html
https://www.adelaide.edu.au//degree-finder/2021/maie_mainentr.html
https://www.adelaide.edu.au//degree-finder/2021/mapm_mapprojmgt.html
https://www.adelaide.edu.au//degree-finder/2021/mapmp_mapprojmps.html
https://www.adelaide.edu.au//degree-finder/2021/mbaol_mbaol.html
https://www.adelaide.edu.au//degree-finder/2021/mbael_mbaemgldrs.html
https://www.adelaide.edu.au//degree-finder/2021/mbae_mbaentrep.html
https://www.adelaide.edu.au//degree-finder/2021/mbahm_mbahmol.html
https://www.adelaide.edu.au//degree-finder/2021/mbai_mbaitol.html
https://www.adelaide.edu.au//degree-finder/2021/mbait_mbaitd.html
https://www.adelaide.edu.au//degree-finder/2021/mbam_mbamktg.html
https://www.adelaide.edu.au//degree-finder/2021/mbapm_mbapmgt.html
https://www.adelaide.edu.au//degree-finder/2021/mbawb_mbawbus.html
https://www.adelaide.edu.au//degree-finder/2021/mbusl_mbusilaw.html
https://www.adelaide.edu.au//degree-finder/2021/mbusr_mbusrsch.html
https://www.adelaide.edu.au//degree-finder/2021/mcomm_mcomm.html
https://www.adelaide.edu.au//degree-finder/2021/mfin_mfinance.html
https://www.adelaide.edu.au//degree-finder/2021/mfin_mfinmelb.html
https://www.adelaide.edu.au//degree-finder/2021/mfbe_mfbec.html
https://www.adelaide.edu.au//degree-finder/2021/mgfab_mglobfab.html
https://www.adelaide.edu.au//degree-finder/2021/mhep_mhlthecpol.html
https://www.adelaide.edu.au//degree-finder/2021/minen_minentr.html
https://www.adelaide.edu.au//degree-finder/2021/mim_mintmgmt.html
https://www.adelaide.edu.au//degree-finder/2021/mitd_mintradev.html
https://www.adelaide.edu.au//degree-finder/2021/mcomc_mcommk.html
https://www.adelaide.edu.au//degree-finder/2021/mprac_mproacmelb.html
https://www.adelaide.edu.au//degree-finder/2021/mprac_mprofac.html
https://www.adelaide.edu.au//degree-finder/2021/mwb_mwinbus.html
https://www.adelaide.edu.au//degree-finder/2021/pcasm_pcasmsf.html
https://www.adelaide.edu.au//degree-finder/2021/pcdil_pcdefinl.html
https://www.adelaide.edu.au//degree-finder/2021/pcitr_pcintrade.html
https://www.adelaide.edu.au//degree-finder/2021/gcbla_gcbuslaw.html
https://www.adelaide.edu.au//degree-finder/2021/gcil_gcinslaw.html
https://www.adelaide.edu.au//degree-finder/2021/gcocl_gcopcomlaw.html
https://www.adelaide.edu.au//degree-finder/2021/gdbla_gdbuslaw.html
https://www.adelaide.edu.au//degree-finder/2021/gdlp_gdlegalpr.html
https://www.adelaide.edu.au//degree-finder/2021/mbusl_mbusilaw.html
https://www.adelaide.edu.au//degree-finder/2021/mclaw_mcomplaws.html
https://www.adelaide.edu.au//degree-finder/2021/mlawc_llmcwk.html
https://www.adelaide.edu.au//degree-finder/2021/pcarb_pcarb.html
https://www.adelaide.edu.au//degree-finder/2021/pchl_pchlthlaw.html
https://www.adelaide.edu.au//degree-finder/2021/pcocl_pcopcomlaw.html
https://www.adelaide.edu.au//degree-finder/2021/gcbi_gcbioinf.html
https://www.adelaide.edu.au//degree-finder/2021/gcbib_gcbibiom.html
https://www.adelaide.edu.au//degree-finder/2021/gcmp_gcmedphys.html
https://www.adelaide.edu.au//degree-finder/2021/gcrm_gcradmgt.html
https://www.adelaide.edu.au//degree-finder/2021/gcsc_gcscience.html
https://www.adelaide.edu.au//degree-finder/2021/gcsce_gcscecot.html
https://www.adelaide.edu.au//degree-finder/2021/gdbi_gdbioinf.html
https://www.adelaide.edu.au//degree-finder/2021/gdbib_gdbibiom.html
https://www.adelaide.edu.au//degree-finder/2021/gdsc_gdscience.html
https://www.adelaide.edu.au//degree-finder/2021/gdsce_gdscecot.html
https://www.adelaide.edu.au//degree-finder/2021/gdvo_gdvitoenol.html
https://www.adelaide.edu.au//degree-finder/2021/mbio_mbioinf.html
https://www.adelaide.edu.au//degree-finder/2021/mbib_mbibiom.html
https://www.adelaide.edu.au//degree-finder/2021/mmrp_mmedradp.html
https://www.adelaide.edu.au//degree-finder/2021/msc_mscience.html
https://www.adelaide.edu.au//degree-finder/2021/mscec_mscecot.html
https://www.adelaide.edu.au//degree-finder/2021/mvo_mvitoenol.html
https://www.adelaide.edu.au//degree-finder/2021/dvetm_drvetmedi.html
