https://www.adelaide.edu.au//degree-finder/2021/barts_bart.html
https://www.adelaide.edu.au//degree-finder/2021/barta_bartadv.html
https://www.adelaide.edu.au//degree-finder/2021/bca_bcrarts.html
https://www.adelaide.edu.au//degree-finder/2021/bcrim_bcrim.html
https://www.adelaide.edu.au//degree-finder/2021/benvs_benvs.html
https://www.adelaide.edu.au//degree-finder/2021/bdvst_bdevstud.html
https://www.adelaide.edu.au//degree-finder/2021/bintr_bintlrel.html
https://www.adelaide.edu.au//degree-finder/2021/blang_blang.html
https://www.adelaide.edu.au//degree-finder/2021/bmedi_bmedia.html
https://www.adelaide.edu.au//degree-finder/2021/bmadv_bmusadv.html
https://www.adelaide.edu.au//degree-finder/2021/bmus_bmuscp.html
https://www.adelaide.edu.au//degree-finder/2021/bmus_bmuscv.html
https://www.adelaide.edu.au//degree-finder/2021/bmus_bmusjp.html
https://www.adelaide.edu.au//degree-finder/2021/bmus_bmusmc.html
https://www.adelaide.edu.au//degree-finder/2021/bmus_bmusmep.html
https://www.adelaide.edu.au//degree-finder/2021/bmus_bmusicol.html
https://www.adelaide.edu.au//degree-finder/2021/bmus_bmuspm.html
https://www.adelaide.edu.au//degree-finder/2021/bmus_bmussonic.html
https://www.adelaide.edu.au//degree-finder/2021/bmuth_bmusthtre.html
https://www.adelaide.edu.au//degree-finder/2021/bpcs_bpcstud.html
https://www.adelaide.edu.au//degree-finder/2021/bppe_bphilpolec.html
https://www.adelaide.edu.au//degree-finder/2021/bsoc_bsociol.html
https://www.adelaide.edu.au//degree-finder/2021/darts_diparts.html
https://www.adelaide.edu.au//degree-finder/2021/dilan_diplang.html
https://www.adelaide.edu.au//degree-finder/2021/baabl_baadvbl.html
https://www.adelaide.edu.au//degree-finder/2021/haala_hbaadvblaw.html
https://www.adelaide.edu.au//degree-finder/2021/babec_bartbec.html
https://www.adelaide.edu.au//degree-finder/2021/babmu_bartbmusd1.html
https://www.adelaide.edu.au//degree-finder/2021/babsc_bartbscd1.html
https://www.adelaide.edu.au//degree-finder/2021/bcbl_bcrimblaw.html
https://www.adelaide.edu.au//degree-finder/2021/hcrla_hbcrimblaw.html
https://www.adelaide.edu.au//degree-finder/2021/birba_bintrebart.html
https://www.adelaide.edu.au//degree-finder/2021/birbe_bintrebec.html
https://www.adelaide.edu.au//degree-finder/2021/birbm_bintrebmed.html
https://www.adelaide.edu.au//degree-finder/2021/bmeba_bmediabart.html
https://www.adelaide.edu.au//degree-finder/2021/bmbcs_bmediabcsc.html
https://www.adelaide.edu.au//degree-finder/2021/bmbca_bmediabca.html
https://www.adelaide.edu.au//degree-finder/2021/bmbc_bmediabcri.html
https://www.adelaide.edu.au//degree-finder/2021/bmbs_bmediabsoc.html
https://www.adelaide.edu.au//degree-finder/2021/bebal_behchemba.html
https://www.adelaide.edu.au//degree-finder/2021/bebak_behcivilba.html
https://www.adelaide.edu.au//degree-finder/2021/bebam_behe&eba.html
https://www.adelaide.edu.au//degree-finder/2021/bebaj_behenvba.html
https://www.adelaide.edu.au//degree-finder/2021/beban_behmechba.html
https://www.adelaide.edu.au//degree-finder/2021/harts_hbart.html
https://www.adelaide.edu.au//degree-finder/2021/hcrim_hbcrim.html
https://www.adelaide.edu.au//degree-finder/2021/henst_hbenvst.html
https://www.adelaide.edu.au//degree-finder/2021/hdvst_hbdevstud.html
https://www.adelaide.edu.au//degree-finder/2021/hbinr_hbintlrel.html
https://www.adelaide.edu.au//degree-finder/2021/hlang_hblang.html
https://www.adelaide.edu.au//degree-finder/2021/hmedi_hbmedia.html
https://www.adelaide.edu.au//degree-finder/2021/hsocs_hbsocialsc.html
https://www.adelaide.edu.au//degree-finder/2021/hsoc_hbsocio.html
https://www.adelaide.edu.au//degree-finder/2021/barts_bart.html
https://www.adelaide.edu.au//degree-finder/2021/bintr_bintlrel.html
https://www.adelaide.edu.au//degree-finder/2021/blang_blang.html
https://www.adelaide.edu.au//degree-finder/2021/dilan_diplang.html
https://www.adelaide.edu.au//degree-finder/2021/hlang_hblang.html
https://www.adelaide.edu.au//degree-finder/2021/bca_bcrarts.html
https://www.adelaide.edu.au//degree-finder/2021/bmedi_bmedia.html
https://www.adelaide.edu.au//degree-finder/2021/birbm_bintrebmed.html
https://www.adelaide.edu.au//degree-finder/2021/bmeba_bmediabart.html
https://www.adelaide.edu.au//degree-finder/2021/bmbcs_bmediabcsc.html
https://www.adelaide.edu.au//degree-finder/2021/bmbca_bmediabca.html
https://www.adelaide.edu.au//degree-finder/2021/bmbc_bmediabcri.html
https://www.adelaide.edu.au//degree-finder/2021/bmbs_bmediabsoc.html
https://www.adelaide.edu.au//degree-finder/2021/hmedi_hbmedia.html
https://www.adelaide.edu.au//degree-finder/2021/bca_bcrarts.html
https://www.adelaide.edu.au//degree-finder/2021/bmus_bmus.html
https://www.adelaide.edu.au//degree-finder/2021/bmadv_bmusadv.html
https://www.adelaide.edu.au//degree-finder/2021/bmus_bmuscp.html
https://www.adelaide.edu.au//degree-finder/2021/bmus_bmuscv.html
https://www.adelaide.edu.au//degree-finder/2021/bmus_bmusjp.html
https://www.adelaide.edu.au//degree-finder/2021/bmus_bmusmc.html
https://www.adelaide.edu.au//degree-finder/2021/bmus_bmusmep.html
https://www.adelaide.edu.au//degree-finder/2021/bmus_bmusicol.html
https://www.adelaide.edu.au//degree-finder/2021/bmus_bmuspm.html
https://www.adelaide.edu.au//degree-finder/2021/bmus_bmussonic.html
https://www.adelaide.edu.au//degree-finder/2021/bmuth_bmusthtre.html
https://www.adelaide.edu.au//degree-finder/2021/dipmu_dipmus.html
https://www.adelaide.edu.au//degree-finder/2021/dmcms_dipmcmsw.html
https://www.adelaide.edu.au//degree-finder/2021/dimmp_dipmmp.html
https://www.adelaide.edu.au//degree-finder/2021/babmu_bartbmusd1.html
https://www.adelaide.edu.au//degree-finder/2021/hmus_hbmuscp.html
https://www.adelaide.edu.au//degree-finder/2021/hmus_hbmuscv.html
https://www.adelaide.edu.au//degree-finder/2021/hmus_hbmusjp.html
https://www.adelaide.edu.au//degree-finder/2021/hmus_hbmusmc.html
https://www.adelaide.edu.au//degree-finder/2021/hmus_hbmusmep.html
https://www.adelaide.edu.au//degree-finder/2021/hmus_hbmusicol.html
https://www.adelaide.edu.au//degree-finder/2021/hmus_hbmuspm.html
https://www.adelaide.edu.au//degree-finder/2021/hmus_hbmussonic.html
https://www.adelaide.edu.au//degree-finder/2021/bcrim_bcrim.html
https://www.adelaide.edu.au//degree-finder/2021/bdvst_bdevstud.html
https://www.adelaide.edu.au//degree-finder/2021/bintr_bintlrel.html
https://www.adelaide.edu.au//degree-finder/2021/bsoc_bsociol.html
https://www.adelaide.edu.au//degree-finder/2021/bcbl_bcrimblaw.html
https://www.adelaide.edu.au//degree-finder/2021/hcrla_hbcrimblaw.html
https://www.adelaide.edu.au//degree-finder/2021/birba_bintrebart.html
https://www.adelaide.edu.au//degree-finder/2021/birbe_bintrebec.html
https://www.adelaide.edu.au//degree-finder/2021/birbm_bintrebmed.html
https://www.adelaide.edu.au//degree-finder/2021/bmbc_bmediabcri.html
https://www.adelaide.edu.au//degree-finder/2021/bmbs_bmediabsoc.html
https://www.adelaide.edu.au//degree-finder/2021/hcrim_hbcrim.html
https://www.adelaide.edu.au//degree-finder/2021/henst_hbenvst.html
https://www.adelaide.edu.au//degree-finder/2021/hdvst_hbdevstud.html
https://www.adelaide.edu.au//degree-finder/2021/hbinr_hbintlrel.html
https://www.adelaide.edu.au//degree-finder/2021/hsocs_hbsocialsc.html
https://www.adelaide.edu.au//degree-finder/2021/hsoc_hbsocio.html
https://www.adelaide.edu.au//degree-finder/2021/bmus_bmusmep.html
https://www.adelaide.edu.au//degree-finder/2021/btmba_btchmidba.html
https://www.adelaide.edu.au//degree-finder/2021/btmbb_btchmidbbm.html
https://www.adelaide.edu.au//degree-finder/2021/btmm_btchmidbm.html
https://www.adelaide.edu.au//degree-finder/2021/btmbm_btchmidbmu.html
https://www.adelaide.edu.au//degree-finder/2021/btmbs_btchmidbsc.html
https://www.adelaide.edu.au//degree-finder/2021/btsba_btchsecba.html
https://www.adelaide.edu.au//degree-finder/2021/btsbe_btchsecbec.html
https://www.adelaide.edu.au//degree-finder/2021/btsm_btchsecbm.html
https://www.adelaide.edu.au//degree-finder/2021/btsbm_btchsecbmu.html
https://www.adelaide.edu.au//degree-finder/2021/btsbs_btchsecbsc.html
https://www.adelaide.edu.au//degree-finder/2021/bdest_bdesignst.html
https://www.adelaide.edu.au//degree-finder/2021/hdess_hbdesignst.html
https://www.adelaide.edu.au//degree-finder/2021/bcomp_bcmpsci.html
https://www.adelaide.edu.au//degree-finder/2021/bcmsa_bcmpscadv.html
https://www.adelaide.edu.au//degree-finder/2021/bit_binftech.html
https://www.adelaide.edu.au//degree-finder/2021/bit_bintecmelb.html
https://www.adelaide.edu.au//degree-finder/2021/bscms_bscm&cs.html
https://www.adelaide.edu.au//degree-finder/2021/btdi_btechdi.html
https://www.adelaide.edu.au//degree-finder/2021/bengh_behsofts1.html
https://www.adelaide.edu.au//degree-finder/2021/dtdi_diptechdi.html
https://www.adelaide.edu.au//degree-finder/2021/bfibm_bfinbmd1.html
https://www.adelaide.edu.au//degree-finder/2021/bmbcs_bmediabcsc.html
https://www.adelaide.edu.au//degree-finder/2021/btmm_btchmidbm.html
https://www.adelaide.edu.au//degree-finder/2021/btsm_btchsecbm.html
https://www.adelaide.edu.au//degree-finder/2021/hcomp_hbcompsc.html
https://www.adelaide.edu.au//degree-finder/2021/hsmcs_hbscm&cs.html
https://www.adelaide.edu.au//degree-finder/2021/adtdi_adtechdi.html
https://www.adelaide.edu.au//degree-finder/2021/btecc_btecconst.html
https://www.adelaide.edu.au//degree-finder/2021/behep_behengpath.html
https://www.adelaide.edu.au//degree-finder/2021/behf_behflex.html
https://www.adelaide.edu.au//degree-finder/2021/bengh_beha&ss1.html
https://www.adelaide.edu.au//degree-finder/2021/bengh_behchems1.html
https://www.adelaide.edu.au//degree-finder/2021/bengh_behcivs1.html
https://www.adelaide.edu.au//degree-finder/2021/bengh_behe&es1.html
https://www.adelaide.edu.au//degree-finder/2021/bengh_behenvirs1.html
https://www.adelaide.edu.au//degree-finder/2021/bengh_behmechs1.html
https://www.adelaide.edu.au//degree-finder/2021/bengh_behmins1.html
https://www.adelaide.edu.au//degree-finder/2021/bengh_behpets1.html
https://www.adelaide.edu.au//degree-finder/2021/behpe_behpetrol.html
https://www.adelaide.edu.au//degree-finder/2021/bengh_behsofts1.html
https://www.adelaide.edu.au//degree-finder/2021/htecc_hbtecconst.html
https://www.adelaide.edu.au//degree-finder/2021/bedfk_behchemd2.html
https://www.adelaide.edu.au//degree-finder/2021/bedmn_behchemd4.html
https://www.adelaide.edu.au//degree-finder/2021/bedsm_behchemd3.html
https://www.adelaide.edu.au//degree-finder/2021/bedso_behchemdb.html
https://www.adelaide.edu.au//degree-finder/2021/bedfj_behcivild2.html
https://www.adelaide.edu.au//degree-finder/2021/bedmm_behcivild4.html
https://www.adelaide.edu.au//degree-finder/2021/bedsl_behcivild3.html
https://www.adelaide.edu.au//degree-finder/2021/beds7_beheed3.html
https://www.adelaide.edu.au//degree-finder/2021/bedfl_behe&ed2.html
https://www.adelaide.edu.au//degree-finder/2021/bedmo_behe&ed4.html
https://www.adelaide.edu.au//degree-finder/2021/bedf9_behenvd9.html
https://www.adelaide.edu.au//degree-finder/2021/bedml_behenvd4.html
https://www.adelaide.edu.au//degree-finder/2021/bedsj_behenvd3.html
https://www.adelaide.edu.au//degree-finder/2021/bedfm_behmechd2.html
https://www.adelaide.edu.au//degree-finder/2021/bedmp_behmechd4.html
https://www.adelaide.edu.au//degree-finder/2021/bedsn_behmechd3.html
https://www.adelaide.edu.au//degree-finder/2021/bedmq_behmind4.html
https://www.adelaide.edu.au//degree-finder/2021/bedsp_behmind3.html
https://www.adelaide.edu.au//degree-finder/2021/beds8_behpetd3.html
https://www.adelaide.edu.au//degree-finder/2021/bebal_behchemba.html
https://www.adelaide.edu.au//degree-finder/2021/bebak_behcivilba.html
https://www.adelaide.edu.au//degree-finder/2021/bebam_behe&eba.html
https://www.adelaide.edu.au//degree-finder/2021/bebaj_behenvba.html
https://www.adelaide.edu.au//degree-finder/2021/beban_behmechba.html
https://www.adelaide.edu.au//degree-finder/2021/adtc_adtechc.html
https://www.adelaide.edu.au//degree-finder/2021/bit_binftech.html
https://www.adelaide.edu.au//degree-finder/2021/bit_bintecmelb.html
https://www.adelaide.edu.au//degree-finder/2021/bmasc_bmathsci.html
https://www.adelaide.edu.au//degree-finder/2021/bmsad_bmathscadv.html
https://www.adelaide.edu.au//degree-finder/2021/bscms_bscm&cs.html
https://www.adelaide.edu.au//degree-finder/2021/btdi_btechdi.html
https://www.adelaide.edu.au//degree-finder/2021/dtdi_diptechdi.html
https://www.adelaide.edu.au//degree-finder/2021/bfibm_bfinbmd1.html
https://www.adelaide.edu.au//degree-finder/2021/btmm_btchmidbm.html
https://www.adelaide.edu.au//degree-finder/2021/btsm_btchsecbm.html
https://www.adelaide.edu.au//degree-finder/2021/hmasc_hbmathsci.html
https://www.adelaide.edu.au//degree-finder/2021/hsmcs_hbscm&cs.html
https://www.adelaide.edu.au//degree-finder/2021/adtdi_adtechdi.html
https://www.adelaide.edu.au//degree-finder/2021/bit_binftech.html
https://www.adelaide.edu.au//degree-finder/2021/bit_bintecmelb.html
https://www.adelaide.edu.au//degree-finder/2021/btecc_btecconst.html
https://www.adelaide.edu.au//degree-finder/2021/btdi_btechdi.html
https://www.adelaide.edu.au//degree-finder/2021/dtdi_diptechdi.html
https://www.adelaide.edu.au//degree-finder/2021/adtdi_adtechdi.html
https://www.adelaide.edu.au//degree-finder/2021/hocth_hboccther.html
https://www.adelaide.edu.au//degree-finder/2021/hphys_hbphys.html
https://www.adelaide.edu.au//degree-finder/2021/hsppa_hbsppath.html
https://www.adelaide.edu.au//degree-finder/2021/bds_bds.html
https://www.adelaide.edu.au//degree-finder/2021/boral_boralhlth.html
https://www.adelaide.edu.au//degree-finder/2021/hscd_hbscdent.html
https://www.adelaide.edu.au//degree-finder/2021/bhms_bhlthmsc.html
https://www.adelaide.edu.au//degree-finder/2021/bhmsa_bhlthmsca.html
https://www.adelaide.edu.au//degree-finder/2021/bms_bmedstud.html
https://www.adelaide.edu.au//degree-finder/2021/hocth_hboccther.html
https://www.adelaide.edu.au//degree-finder/2021/hphys_hbphys.html
https://www.adelaide.edu.au//degree-finder/2021/hsppa_hbsppath.html
https://www.adelaide.edu.au//degree-finder/2021/hhmsc_hbhlthmeds.html
https://www.adelaide.edu.au//degree-finder/2021/hmeds_hbmedsc.html
https://www.adelaide.edu.au//degree-finder/2021/bhms_bhlthmsc.html
https://www.adelaide.edu.au//degree-finder/2021/bms_bmedstud.html
https://www.adelaide.edu.au//degree-finder/2021/bmbbs_bmbbs.html
https://www.adelaide.edu.au//degree-finder/2021/hmeds_hbmedsc.html
https://www.adelaide.edu.au//degree-finder/2021/bnurs_bnursing.html
https://www.adelaide.edu.au//degree-finder/2021/hnurs_hbnursing.html
https://www.adelaide.edu.au//degree-finder/2021/bpsyc_bpsyc.html
https://www.adelaide.edu.au//degree-finder/2021/hpsya_hbpsycadv.html
https://www.adelaide.edu.au//degree-finder/2021/hpsy_hbpsyc.html
https://www.adelaide.edu.au//degree-finder/2021/bacc_bacc.html
https://www.adelaide.edu.au//degree-finder/2021/bacc_baccmelb.html
https://www.adelaide.edu.au//degree-finder/2021/bacf_bacccrpfin.html
https://www.adelaide.edu.au//degree-finder/2021/bacf_bacfmelb.html
https://www.adelaide.edu.au//degree-finder/2021/bbus_bbusiness.html
https://www.adelaide.edu.au//degree-finder/2021/bbusg_bbusglobal.html
https://www.adelaide.edu.au//degree-finder/2021/bbmgt_bbusmgt.html
https://www.adelaide.edu.au//degree-finder/2021/bbma_bbusmgtacc.html
https://www.adelaide.edu.au//degree-finder/2021/bcom_bcom.html
https://www.adelaide.edu.au//degree-finder/2021/bcom_bcommelb.html
https://www.adelaide.edu.au//degree-finder/2021/bcofi_bcorfimelb.html
https://www.adelaide.edu.au//degree-finder/2021/bcofi_bcorpfin.html
https://www.adelaide.edu.au//degree-finder/2021/bec_becon.html
https://www.adelaide.edu.au//degree-finder/2021/beca_beconadv.html
https://www.adelaide.edu.au//degree-finder/2021/bfin_bfin.html
https://www.adelaide.edu.au//degree-finder/2021/bfin_bfinint.html
https://www.adelaide.edu.au//degree-finder/2021/binne_binnent.html
https://www.adelaide.edu.au//degree-finder/2021/bintb_bintbus.html
https://www.adelaide.edu.au//degree-finder/2021/bmktg_bmarketing.html
https://www.adelaide.edu.au//degree-finder/2021/bpm_bprojmgt.html
https://www.adelaide.edu.au//degree-finder/2021/dbus_dipbus.html
https://www.adelaide.edu.au//degree-finder/2021/becbf_beconbfd1.html
https://www.adelaide.edu.au//degree-finder/2021/birbe_bintrebec.html
https://www.adelaide.edu.au//degree-finder/2021/bfibm_bfinbmd1.html
https://www.adelaide.edu.au//degree-finder/2021/btsbe_btchsecbec.html
https://www.adelaide.edu.au//degree-finder/2021/hcom_hbcom.html
https://www.adelaide.edu.au//degree-finder/2021/hec_hbec.html
https://www.adelaide.edu.au//degree-finder/2021/hfin_hbfin.html
https://www.adelaide.edu.au//degree-finder/2021/blaws_llb.html
https://www.adelaide.edu.au//degree-finder/2021/bcbl_bcrimblaw.html
https://www.adelaide.edu.au//degree-finder/2021/hcrla_hbcrimblaw.html
https://www.adelaide.edu.au//degree-finder/2021/bags_bagricsci.html
https://www.adelaide.edu.au//degree-finder/2021/bfsct_bfoodsct.html
https://www.adelaide.edu.au//degree-finder/2021/bsc_bsci.html
https://www.adelaide.edu.au//degree-finder/2021/bsc_bscadv.html
https://www.adelaide.edu.au//degree-finder/2021/bsc_bscas.html
https://www.adelaide.edu.au//degree-finder/2021/bvito_bvitoenol.html
https://www.adelaide.edu.au//degree-finder/2021/hfsct_hbfsct.html
https://www.adelaide.edu.au//degree-finder/2021/hsc_hbsc.html
https://www.adelaide.edu.au//degree-finder/2021/hvito_hbvitoen.html
https://www.adelaide.edu.au//degree-finder/2021/bags_bagricsci.html
https://www.adelaide.edu.au//degree-finder/2021/bsc_bscadv.html
https://www.adelaide.edu.au//degree-finder/2021/bsc_bscab.html
https://www.adelaide.edu.au//degree-finder/2021/bsc_bscas.html
https://www.adelaide.edu.au//degree-finder/2021/bscpv_bscaspv.html
https://www.adelaide.edu.au//degree-finder/2021/bsc_bscwcb.html
https://www.adelaide.edu.au//degree-finder/2021/bvt_bvettech.html
https://www.adelaide.edu.au//degree-finder/2021/bsc_bsci.html
https://www.adelaide.edu.au//degree-finder/2021/bsc_bscadv.html
https://www.adelaide.edu.au//degree-finder/2021/bsc_bscibiomed.html
https://www.adelaide.edu.au//degree-finder/2021/bsc_bscbiotech.html
https://www.adelaide.edu.au//degree-finder/2021/hsc_hbsc.html
https://www.adelaide.edu.au//degree-finder/2021/bsc_bsci.html
https://www.adelaide.edu.au//degree-finder/2021/bsc_bscadv.html
https://www.adelaide.edu.au//degree-finder/2021/bsc_bscectour.html
https://www.adelaide.edu.au//degree-finder/2021/bsc_bscmarine.html
https://www.adelaide.edu.au//degree-finder/2021/bsc_bscmige.html
https://www.adelaide.edu.au//degree-finder/2021/bsc_bscwcb.html
https://www.adelaide.edu.au//degree-finder/2021/bags_bagricsci.html
https://www.adelaide.edu.au//degree-finder/2021/bapda_bappda.html
https://www.adelaide.edu.au//degree-finder/2021/bfsct_bfoodsct.html
https://www.adelaide.edu.au//degree-finder/2021/bsc_bsci.html
https://www.adelaide.edu.au//degree-finder/2021/bsc_bscadv.html
https://www.adelaide.edu.au//degree-finder/2021/bsc_bscab.html
https://www.adelaide.edu.au//degree-finder/2021/bsc_bscas.html
https://www.adelaide.edu.au//degree-finder/2021/bsc_bscibiomed.html
https://www.adelaide.edu.au//degree-finder/2021/bsc_bscbiotech.html
https://www.adelaide.edu.au//degree-finder/2021/bsc_bscectour.html
https://www.adelaide.edu.au//degree-finder/2021/bsc_bscmarine.html
https://www.adelaide.edu.au//degree-finder/2021/bsc_bscmige.html
https://www.adelaide.edu.au//degree-finder/2021/bsc_bscssap.html
https://www.adelaide.edu.au//degree-finder/2021/bscpv_bscaspv.html
https://www.adelaide.edu.au//degree-finder/2021/bsc_bscwcb.html
https://www.adelaide.edu.au//degree-finder/2021/bvt_bvettech.html
https://www.adelaide.edu.au//degree-finder/2021/bvito_bvitoenol.html
https://www.adelaide.edu.au//degree-finder/2021/hsci_hbsci.html
https://www.adelaide.edu.au//degree-finder/2021/hscia_hbsciadv.html
https://www.adelaide.edu.au//degree-finder/2021/hschp_hschp.html
https://www.adelaide.edu.au//degree-finder/2021/hscmg_hbscmg.html
https://www.adelaide.edu.au//degree-finder/2021/hfsct_hbfsct.html
https://www.adelaide.edu.au//degree-finder/2021/hsc_hbsc.html
https://www.adelaide.edu.au//degree-finder/2021/hvito_hbvitoen.html
https://www.adelaide.edu.au//degree-finder/2021/babsc_bartbscd1.html
https://www.adelaide.edu.au//degree-finder/2021/btmbs_btchmidbsc.html
https://www.adelaide.edu.au//degree-finder/2021/btsbs_btchsecbsc.html
